#specObjID,spiral,elliptical,petroMag_u,petroMag_g,petroMag_r,z
300615576982677504,1,0,18.69239,17.57749,17.17256,0.04655848
300616126738491392,1,0,18.87079,17.28494,16.38403,0.09342866
300619975029188608,1,0,19.81003,18.16995,17.29423,0.08971721
300621074540816384,1,0,20.68885,18.50974,17.74399,0.08544684
300621349418723328,0,1,17.53974,15.83972,14.87148,0.087761
300623823319885824,1,0,19.79369,18.54619,17.65805,0.1668876
300624647953606656,0,1,19.17672,17.59762,16.42269,0.1391702
300624922831513600,1,0,20.08642,17.99567,17.08442,0.09193386
300625472587327488,1,0,17.76194,16.30993,15.44159,0.06580772
300629046000117760,1,0,20.08824,18.55042,17.75081,0.09160395
300631245023373312,1,0,18.89301,17.88796,17.49175,0.0891128
300632069657094144,1,0,19.92022,17.90665,16.90723,0.08851489
300632344535001088,1,0,20.39053,18.51471,17.59631,0.0887442
300632894290814976,1,0,20.12757,18.35601,17.43842,0.0908874
300633718924535808,1,0,18.09382,16.78251,16.22128,0.04578607
300636467703605248,1,0,23.38626,19.11221,17.88351,0.209054
300637017459419136,1,0,19.41948,17.82286,17.09014,0.0745739
300637842093139968,1,0,19.59656,18.41771,17.81066,0.107117
300638941604767744,1,0,20.19352,18.18744,17.14643,0.13728
300639216482674688,1,0,19.02665,17.51267,16.70697,0.09042946
300639766238488576,1,0,19.73348,18.53258,17.7118,0.1375007
300640041116395520,0,1,19.7222,17.88299,16.97177,0.08325355
300641415505930240,1,0,20.22639,18.08201,17.10806,0.08944994
300641965261744128,0,1,18.8118,16.73672,15.72801,0.08978136
300643339651278848,1,0,20.18826,18.49361,17.72537,0.08472473
300644164284999680,1,0,19.27792,17.86336,17.13368,0.1354369
300644714040813568,1,0,18.44324,16.61532,15.80216,0.02094694
300644988918720512,1,0,19.84507,18.00866,17.0724,0.08525094
300645813552441344,1,0,19.51993,18.03283,17.20503,0.08521271
300646088430348288,0,1,17.47757,15.59299,14.65524,0.08395238
300652410622208000,1,0,19.54695,18.27398,17.62822,0.132866
300652685500114944,1,0,19.64302,18.38531,17.75388,0.09229714
300654334767556608,1,0,18.27001,17.3001,17.03496,0.0475889
300655709157091328,1,0,20.00446,18.50869,17.5388,0.1273127
300657083546626048,1,0,19.00025,17.96062,17.55409,0.0944446
300657633302439936,0,1,20.20701,18.55947,17.38347,0.2135797
300657908180346880,1,0,18.62208,17.52353,17.03024,0.0842066
300658183058253824,1,0,21.10996,18.34586,17.44125,0.1509164
300659007691974656,0,1,19.69169,17.61405,16.32845,0.1642064
300660382081509376,1,0,16.46079,15.28997,14.76164,0.04565335
300661206715230208,1,0,19.5843,18.01153,17.09858,0.06543949
300662855982671872,1,0,18.72997,17.56867,17.10099,0.08234423
300663130860578816,0,1,19.03839,17.70902,16.89617,0.1462476
300664780128020480,1,0,18.93197,18.11049,17.30871,0.2274882
300666429395462144,1,0,18.67955,17.68194,17.15787,0.1258022
300666979151276032,1,0,19.45232,17.94412,17.10925,0.1327755
300667528907089920,1,0,20.14343,18.39697,17.66492,0.06914463
300668628418717696,1,0,20.13829,18.3897,17.57271,0.08503481
300671652075694080,0,1,20.48738,19.28214,17.5116,0.2714575
300673576221042688,1,0,18.56466,17.06324,16.37107,0.09133799
300673851098949632,1,0,19.5522,18.31762,17.60993,0.1388665
300674125976856576,1,0,18.55795,17.12424,16.48333,0.03680692
300676599878019072,1,0,19.85236,18.52374,17.61468,0.08107782
300678249145460736,1,0,19.00941,17.65644,16.93884,0.0371546
300678798901274624,1,0,18.44249,17.2478,16.6598,0.07910439
300682922069878784,1,0,20.11894,18.63023,17.72152,0.08000757
300683196947785728,1,0,19.31077,17.55637,16.57409,0.0824445
300683471825692672,0,1,20.36938,18.65027,17.63468,0.09133507
300687594994296832,1,0,19.21652,17.96562,17.28001,0.09523784
300688694505924608,0,1,20.64265,18.88506,17.81911,0.2152341
300691718162900992,1,0,20.05112,18.36806,17.54175,0.0921118
300693642308249600,0,1,19.79609,18.74682,17.83989,0.230787
300695566453598208,1,0,18.63457,17.71005,17.27998,0.08512671
300696391087319040,1,0,19.00148,17.3709,16.55475,0.06685378
300699139866388480,1,0,19.49055,18.27371,17.72016,0.036578
300699414744295424,0,1,18.91992,16.52341,15.56097,0.08420008
300700514255923200,1,0,19.61004,18.8496,17.9125,0.06295811
300702163523364864,0,1,19.71558,18.08716,16.90951,0.1319903
300706836447782912,0,1,20.62302,18.99131,17.5835,0.2178045
300707386203596800,0,1,23.66814,19.6201,17.98042,0.2251949
300709035471038464,1,0,19.26075,18.48262,17.69241,0.2046565
300712883761735680,1,0,18.44286,16.96595,16.24057,0.06938305
300716732052432896,1,0,20.40878,18.19306,17.21685,0.09359263
300718106441967616,1,0,19.09725,17.87998,17.12838,0.08081359
300719755709409280,1,0,18.88311,17.60659,17.11234,0.07320447
300720030587316224,1,0,18.0834,16.90552,16.22799,0.08072105
300723054244292608,1,0,17.58869,15.74022,14.96028,0.06343265
300724703511734272,0,1,19.76032,18.64109,17.72256,0.2205509
300732125215221760,1,0,20.09041,18.47783,17.8038,0.08964708
300732949848942592,0,1,20.12789,18.6341,17.46255,0.1630008
300733499604756480,1,0,20.69765,18.66201,17.52893,0.09335276
300734599116384256,0,1,19.04124,17.08957,16.12949,0.08539967
300734873994291200,1,0,18.50146,16.96781,16.14552,0.08063073
300736248383825920,1,0,18.82775,17.34294,16.56867,0.0858379
300738172529174528,1,0,19.87393,18.61835,17.79905,0.08834895
300738447407081472,0,1,17.20416,15.41804,14.59588,0.02054176
300739821796616192,1,0,19.73161,18.23301,17.56132,0.1427079
300741471064057856,0,1,19.88438,18.16019,17.06568,0.1423475
300742845453592576,1,0,19.68234,18.65343,17.89634,0.03107532
300743670087313408,1,0,18.24056,16.581,15.80104,0.0844093
300745044476848128,1,0,21.48011,18.76341,17.8325,0.0754328
300745869110568960,1,0,17.99701,16.57615,15.93645,0.07496258
300747243500103680,1,0,19.90475,17.907,17.15052,0.09143651
300747793255917568,1,0,20.26578,18.30384,17.28466,0.09850378
300748892767545344,1,0,20.21632,18.22591,17.2158,0.08781833
300750267157080064,1,0,19.98228,18.54174,17.62651,0.0766632
300750542034987008,0,1,18.41193,16.53447,15.57836,0.0779044
300751916424521728,0,1,19.66326,19.12836,17.54996,0.2550336
300752466180335616,1,0,20.25023,18.46103,17.50313,0.09405735
300752741058242560,1,0,19.46854,17.99245,17.21834,0.09272406
300754940081498112,1,0,15.36721,13.52263,12.61929,0.01255482
300755489837312000,1,0,19.2469,17.77241,16.7505,0.09438431
300756039593125888,0,1,17.72635,16.08324,15.10189,0.07970483
300756589348939776,1,0,20.26942,18.26098,17.41463,0.07993679
300762636662892544,1,0,19.31243,17.99639,17.19363,0.04688425
300763736174520320,1,0,19.4082,18.22036,17.63849,0.08794834
300764011052427264,1,0,17.45989,16.20617,15.72777,0.03454532
300764835686148096,1,0,18.73321,17.71964,17.20638,0.03512238
300765935197775872,1,0,16.59658,15.22845,14.74983,0.03467124
300769233732659200,1,0,18.46271,17.21633,16.63574,0.08935121
300774456412891136,1,0,19.11756,17.95834,17.48981,0.02051127
300775830802425856,1,0,17.96125,16.6257,15.75354,0.06268381
300777480069867520,1,0,19.66637,18.20422,17.53011,0.08944283
300777754947774464,0,1,19.00584,17.19049,16.15196,0.1261049
300778029825681408,1,0,19.96101,18.20314,17.27137,0.08549848
300779953971030016,0,1,20.99963,19.07602,17.77555,0.2138558
300781053482657792,1,0,17.62098,16.44498,15.83548,0.0629528
300783252505913344,1,0,18.18028,17.06975,16.65277,0.04713756
300784352017541120,1,0,19.21333,17.93132,17.46074,0.09006838
300786551040796672,1,0,18.33178,17.02898,16.58185,0.04747811
300787925430331392,1,0,19.46146,17.97921,17.15653,0.09527842
300788200308238336,1,0,18.524,17.28374,16.47674,0.1257513
300790674209400832,1,0,18.9757,18.04794,17.53136,0.08823899
300790949087307776,0,1,17.99773,16.37882,15.4114,0.0877696
300791223965214720,1,0,19.19638,17.26187,16.67933,0.06247292
301742851698485248,0,1,18.07344,16.29691,15.39118,0.07604031
301743126576392192,1,0,20.57263,18.70078,17.63795,0.1363658
301743951210113024,1,0,20.18852,18.60701,17.69628,0.1391733
301744775843833856,0,1,20.66164,18.00704,16.81152,0.1693277
301745325599647744,1,0,18.27523,16.95961,16.28497,0.09237399
301750548279879680,1,0,19.93069,18.20551,17.36272,0.06505554
301751647791507456,0,1,17.69812,15.94963,15.08532,0.03283051
301752197547321344,0,1,19.91358,18.14759,17.27336,0.06221536
301754121692669952,1,0,19.35564,17.78761,17.27308,0.09454266
301756595593832448,0,1,21.6136,18.99697,17.83767,0.1667408
301757695105460224,1,0,18.40621,17.22946,16.63267,0.07888881
301758244861274112,0,1,18.48843,16.49666,15.5437,0.09008988
301758519739181056,1,0,18.03381,16.67453,16.00219,0.087836
301759619250808832,1,0,19.0731,17.74899,17.11145,0.04565933
301759894128715776,0,1,17.50076,15.61232,14.64956,0.04526348
301760169006622720,1,0,19.76442,18.4344,17.41728,0.1378106
301760993640343552,1,0,18.63023,17.21644,16.47808,0.09508175
301761268518250496,1,0,19.52838,17.85922,17.17523,0.03266715
301762917785692160,1,0,18.94499,17.25798,16.35983,0.08995679
301763192663599104,0,1,20.22371,18.41207,17.21878,0.1853262
301763467541506048,1,0,19.30108,17.51557,16.92464,0.06188377
301765941442668544,0,1,19.20422,17.2868,16.1559,0.1048315
301766216320575488,0,1,17.729,15.78901,14.84838,0.06139873
301766766076389376,1,0,19.3715,18.22592,17.8044,0.08149754
301767315832203264,0,1,18.76791,16.96189,16.06254,0.08543276
301767590710110208,1,0,19.18559,17.65849,16.9067,0.1038225
301768415343831040,1,0,20.0539,18.50639,17.56887,0.08544431
301769239977551872,1,0,18.6818,17.63115,17.02738,0.08966059
301769514855458816,1,0,19.57627,17.71513,16.78019,0.08847246
301771164122900480,1,0,17.65363,16.10154,15.57918,0.04281429
301775562169411584,1,0,19.95108,18.26148,17.56208,0.1254833
301778585826387968,1,0,18.74942,17.5939,17.0116,0.08837859
301779135582201856,1,0,20.20955,17.97398,17.05978,0.0937748
301782434117085184,1,0,20.07687,18.55605,17.67768,0.0914688
301782708994992128,1,0,19.35481,18.13713,17.74627,0.09126621
301783808506619904,0,1,18.05084,16.3706,15.49296,0.06249987
301785457774061568,0,1,18.46987,16.66833,15.84292,0.0464684
301786007529875456,1,0,19.88452,18.06108,17.15333,0.1046411
301787107041503232,1,0,18.7649,17.60986,17.12512,0.07280485
301787381919410176,0,1,20.26389,18.59312,17.14161,0.2218805
301787931675224064,0,1,-9999,-9999,-9999,0.1738805
301788206553131008,0,1,20.68829,18.90383,17.71948,0.1680779
301788481431037952,1,0,19.91909,18.24649,17.37462,0.1683408
301789031186851840,1,0,19.79185,18.39847,17.71696,0.1716147
301789306064758784,0,1,19.65136,18.2222,16.96546,0.1670379
301789580942665728,1,0,18.51795,17.58936,17.28376,0.01708713
301790130698479616,1,0,20.2295,18.55107,17.49978,0.1661778
301790680454293504,1,0,16.05859,14.4789,13.75947,0.04747756
301790955332200448,1,0,18.07798,17.07101,16.56621,0.03307227
301791505088014336,0,1,20.58536,18.65942,17.51814,0.163661
301791779965921280,1,0,20.0739,18.69865,17.62698,0.1673396
301793154355456000,1,0,20.2373,18.24228,17.35433,0.07045922
301793429233362944,0,1,19.19186,17.79363,16.56193,0.1697427
301793704111269888,1,0,17.86047,16.60463,16.16673,0.07342248
301793978989176832,1,0,18.62815,17.45341,16.9472,0.07287358
301795078500804608,1,0,17.95424,16.24137,15.43172,0.04624894
301795353378711552,0,1,20.12507,18.16399,17.0591,0.1376319
301795628256618496,0,1,20.2653,18.45469,17.25348,0.1705594
301797552401967104,1,0,20.42179,18.43172,17.4394,0.1075663
301797827279874048,1,0,19.99174,17.98553,16.9917,0.09104228
301799751425222656,0,1,21.78514,19.05873,17.77359,0.1678794
301800026303129600,1,0,20.534,18.74483,17.75812,0.1681964
301800576058943488,1,0,19.69967,18.47698,17.46615,0.08496389
301802225326385152,0,1,18.52311,16.6823,15.73766,0.0876554
301803324838012928,1,0,19.68542,18.21697,17.49392,0.07309938
301803599715919872,1,0,19.57371,17.40679,17.06238,0.03540421
301803874593826816,1,0,20.17737,18.5015,17.54857,0.08343904
301804424349640704,1,0,18.08647,17.0163,16.57921,0.08184298
301804974105454592,0,1,18.60367,16.98304,16.00026,0.08852571
301805248983361536,1,0,18.48702,17.08169,16.42021,0.09004407
301806073617082368,1,0,19.31908,17.70407,16.94158,0.08888451
301806348494989312,1,0,18.79634,17.1115,16.50066,0.08794172
301810746541500416,1,0,19.15382,17.99875,17.53553,0.08471707
301812670686849024,1,0,21.84923,18.53073,17.66672,0.1377121
301814869710104576,1,0,19.13552,17.57597,16.75806,0.08841926
301815144588011520,1,0,18.91545,17.62381,17.3204,0.06948269
301815419465918464,1,0,19.23384,17.77698,16.98829,0.08693989
301815694343825408,0,1,18.83349,16.97205,15.97759,0.1254437
301816244099639296,1,0,20.32011,18.62347,17.72221,0.08812667
301825040192661504,0,1,18.23302,16.36605,15.53292,0.06491762
301826139704289280,1,0,18.68486,17.66699,17.18725,0.03541203
301826689460103168,1,0,19.60972,17.97474,17.2556,0.08697634
301828338727544832,1,0,19.37824,17.69823,16.8568,0.06881656
301829987994986496,1,0,20.35807,18.47926,17.53762,0.1319097
301832461896148992,1,0,19.39957,18.06169,17.36406,0.06193933
301834935797311488,0,1,18.45584,16.61984,15.64844,0.08773474
301836035308939264,1,0,18.76497,18.32333,17.31524,0.09146604
301836585064753152,1,0,17.59542,16.17404,15.54905,0.04619598
301837959454287872,1,0,19.05899,18.0058,17.38379,0.1647461
301839058965915648,1,0,19.12253,17.52934,16.43465,0.09344584
301839608721729536,1,0,19.46556,18.35636,17.48889,0.07758574
301844006768240640,1,0,18.22607,17.07793,16.46525,0.09211832
301846480669403136,1,0,19.19655,18.12348,17.30013,0.08910091
301847305303123968,1,0,19.43499,18.14137,17.33212,0.06572735
301848404814751744,1,0,19.24044,17.46072,16.54194,0.09600016
301848954570565632,0,1,17.67108,15.73663,14.8491,0.0650453
301849779204286464,0,1,18.26964,16.44225,15.61609,0.04720632
301851978227542016,1,0,18.9722,17.78274,17.27532,0.03853054
301855826518239232,1,0,19.8829,17.71859,17.02707,0.08058001
301856101396146176,0,1,18.10755,16.59713,15.77676,0.08670224
301856926029867008,1,0,18.68024,17.52649,17.06655,0.08633437
301857200907773952,1,0,19.23655,17.91959,17.2497,0.1255851
301857475785680896,1,0,20.17326,18.51875,17.37246,0.1699317
301858025541494784,1,0,19.0813,17.78382,16.96742,0.1369716
301858300419401728,1,0,18.81853,17.56664,16.97987,0.08850689
301859125053122560,1,0,19.2071,17.88245,17.0954,0.06538612
301860499442657280,1,0,19.41736,18.02005,17.41885,0.0651919
301860774320564224,1,0,18.69624,17.42801,16.81462,0.06574579
301861049198471168,1,0,20.35781,18.57045,17.74125,0.08284637
301864072855447552,1,0,19.85993,18.06678,17.13435,0.08662774
301864347733354496,1,0,18.12437,16.76187,16.12225,0.06204112
301864897489168384,0,1,18.35911,16.55844,15.63325,0.09729816
301865172367075328,1,0,21.01658,18.54687,17.69988,0.06422623
301867371390330880,0,1,20.3103,18.53322,17.16559,0.2185445
301868196024051712,1,0,18.11729,16.80399,16.09472,0.0814579
301868470901958656,1,0,19.81062,18.39079,17.43258,0.08138505
301870669925214208,1,0,17.36595,16.00957,15.34466,0.04589036
301870944803121152,1,0,18.62981,17.48044,16.84952,0.06499501
301871219681028096,1,0,19.03304,17.47045,16.67635,0.08085039
301872044314748928,1,0,17.47699,16.28332,15.77221,0.03502265
301872868948469760,1,0,20.67317,18.52409,17.39125,0.1601704
301873968460097536,1,0,19.03399,17.48015,16.67993,0.04577184
301875617727539200,1,0,17.5701,16.22839,15.59976,0.06482466
301876167483353088,1,0,19.10194,17.61171,16.82126,0.04730976
301877266994980864,0,1,18.27758,16.46945,15.63519,0.05647835
301877541872887808,1,0,19.24135,18.257,17.57394,0.2027204
301878366506608640,1,0,19.19059,18.21032,17.59667,0.1400012
301880015774050304,1,0,17.38089,15.84305,15.25289,0.04483392
301881939919398912,0,1,20.47342,18.58643,17.36797,0.171811
301884138942654464,1,0,19.89176,18.41884,17.65158,0.1696523
301884413820561408,1,0,20.73285,18.68543,17.7216,0.1420566
301885238454282240,1,0,20.54074,18.35978,17.56249,0.08171165
301887437477537792,1,0,18.03791,16.65654,16.1423,0.0126812
301889361622886400,1,0,18.32105,17.0293,16.53913,0.03902926
301889911378700288,1,0,17.05254,15.06429,14.22952,0.03337267
301891285768235008,1,0,18.76853,17.33131,16.62166,0.08826268
301891560646141952,0,1,17.20385,15.52142,14.68194,0.03252227
301892385279862784,1,0,18.78992,17.68506,16.91489,0.1068543
301893484791490560,0,1,20.87893,18.79116,17.49875,0.1916706
301895134058932224,0,1,20.39183,18.62238,17.33237,0.2207649
301896233570560000,0,1,19.09468,17.19921,16.17795,0.1239753
301896783326373888,0,1,20.53428,18.44203,17.04573,0.2193648
301897333082187776,1,0,18.92849,17.7697,17.14113,0.08773066
301901731128698880,1,0,18.55871,17.67797,17.09852,0.06523123
301902006006605824,0,1,19.5439,18.40903,17.13831,0.1710902
301902830640326656,1,0,19.41138,17.7436,16.8265,0.09283816
301904479907768320,1,0,19.348,18.03395,17.40378,0.1046337
301904754785675264,1,0,18.41771,17.19581,16.64394,0.09174398
301905029663582208,1,0,16.47221,15.26184,14.72249,0.03448851
301909152832186368,1,0,19.23714,17.93417,17.3624,0.06198409
301910802099628032,1,0,19.32484,17.68793,16.7413,0.09769482
301911626733348864,1,0,20.62199,18.60468,17.6599,0.08730347
301911901611255808,0,1,19.62006,18.46621,17.55159,0.2151756
301914100634511360,1,0,18.60099,17.22485,16.64118,0.0324094
301915200146139136,1,0,18.47331,16.90912,16.29728,0.03218562
301916299657766912,1,0,18.40745,17.39098,16.8807,0.06608569
301916574535673856,1,0,19.70154,18.21999,17.52159,0.06621388
303993831508961280,1,0,18.57345,16.89944,16.10568,0.04388978
303994106386868224,0,1,17.18715,15.19088,14.31101,0.04812082
303995755654309888,0,1,19.21902,17.34543,16.55598,0.04153075
303996305410123776,0,1,19.97406,18.06582,17.20753,0.04043934
303999878822914048,0,1,19.75861,17.55657,16.5713,0.09532314
304000153700820992,0,1,17.10992,15.29643,14.4557,0.03341235
304000428578727936,0,1,19.44958,17.6933,16.88223,0.04497541
304002077846169600,1,0,20.07228,18.53612,17.67318,0.1440468
304002352724076544,1,0,18.81638,17.68555,16.88336,0.2040654
304002627601983488,1,0,20.58506,17.881,17.06491,0.04498773
304003727113611264,1,0,19.06604,17.40688,16.5843,0.09554408
304005376381052928,1,0,18.71924,17.01206,16.20753,0.04144965
304005926136866816,1,0,19.23868,17.23564,16.41623,0.04507175
304009774427564032,1,0,17.70329,16.29278,15.63778,0.08592703
304011698572912640,1,0,18.50352,16.50274,15.56197,0.048347
304013897596168192,1,0,19.80485,18.05978,17.07335,0.09566937
304014997107795968,0,1,19.10022,16.79232,15.6869,0.098474
304018570520586240,1,0,18.71893,17.67613,17.38888,0.04874733
304025167590352896,1,0,18.73167,16.94599,16.37215,0.07103451
304025992224073728,0,1,21.00997,18.70196,17.72487,0.09594639
304030115392677888,1,0,17.40358,15.88171,15.11069,0.06567217
304031214904305664,1,0,20.13801,18.53788,17.66688,0.1163033
304032314415933440,0,1,22.32276,18.35458,16.91799,0.2156218
304033139049654272,1,0,19.45195,17.9566,17.10094,0.1530577
304033963683375104,1,0,18.2152,16.93809,16.51287,0.04664793
304034238561282048,0,1,17.09492,15.29839,14.42592,0.04600343
304034513439188992,1,0,20.56945,18.74359,17.80384,0.09506433
304036162706630656,1,0,20.21928,18.33268,17.40084,0.09574398
304036437584537600,1,0,19.46668,17.94416,17.2126,0.07031794
304036987340351488,1,0,20.49039,18.63619,17.68558,0.1852873
304037811974072320,0,1,20.60516,18.50137,17.28578,0.194159
304038086851979264,1,0,19.11213,17.72712,17.03548,0.1079975
304038636607793152,1,0,19.24816,17.58952,16.9184,0.0673152
304039186363607040,0,1,20.57637,18.99572,17.42535,0.2160878
304040010997327872,1,0,18.00762,16.59623,15.91102,0.06864782
304040285875234816,1,0,23.68913,18.20529,17.31967,0.06949116
304041660264769536,1,0,19.75773,18.62378,17.79504,0.1481426
304043034654304256,1,0,18.57474,17.23252,16.5094,0.06908726
304043309532211200,1,0,19.11394,17.80359,16.95012,0.09416925
304043584410118144,1,0,19.72998,17.72262,16.75533,0.09505673
304043859288025088,1,0,20.5306,19.021,17.81053,0.2152438
304044683921745920,0,1,21.52509,18.74549,17.53149,0.1820915
304045233677559808,0,1,20.19649,18.44904,17.12837,0.185742
304046058311280640,1,0,19.0777,17.90949,17.26574,0.1512586
304046333189187584,1,0,18.35239,16.80173,16.15604,0.06678215
304047432700815360,1,0,20.03853,18.23012,17.27566,0.09610837
304047707578722304,1,0,18.56175,17.13571,16.56483,0.06256203
304047982456629248,1,0,18.78893,17.32269,16.44552,0.06916508
304049081968257024,0,1,19.61034,18.35303,17.04856,0.186459
304056778549651456,1,0,17.78233,16.35866,15.71006,0.06974497
304057328305465344,1,0,20.26716,17.53539,16.5939,0.0672456
304058152939186176,1,0,19.41762,18.03951,17.3548,0.1139974
304062001229883392,0,1,20.73306,19.03035,17.71834,0.1909076
304063100741511168,1,0,20.40093,18.50346,17.56119,0.09321657
304063650497325056,1,0,19.19719,17.75862,16.86328,0.09332952
304063925375232000,1,0,18.95972,17.56285,16.80281,0.07119782
304066674154301440,1,0,19.78885,17.75719,16.86966,0.06985778
304067223910115328,1,0,18.70963,17.11867,16.52307,0.06957035
304067498788022272,1,0,18.61787,16.67507,15.77635,0.0957908
304069422933370880,0,1,20.42668,18.54883,17.26407,0.1840709
304073820979881984,1,0,21.23478,18.54774,17.61568,0.1549165
304074095857788928,1,0,19.26774,17.83021,16.99777,0.09265409
304076569758951424,1,0,15.76792,14.52316,13.87255,0.02126984
304080692927555584,0,1,16.84702,15.24228,14.51231,0.04523472
304080967805462528,1,0,18.76494,17.70832,17.08445,0.06778789
304082617072904192,1,0,19.1904,17.89795,17.1395,0.121516
304087564875229184,1,0,19.57226,18.36539,17.35457,0.09900597
304087839753136128,1,0,18.80016,17.1382,16.33465,0.09445084
304088389508950016,1,0,-9999,-9999,-9999,0.09577072
304089763898484736,1,0,19.14544,17.9165,17.27913,0.09551515
304090313654298624,1,0,18.08295,16.84962,16.53866,0.03297864
304090863410112512,1,0,19.45614,18.1701,17.35401,0.1763657
304091962921740288,1,0,20.06632,18.22067,17.20377,0.09644814
304094711700809728,1,0,20.16699,18.76523,17.77074,0.1354782
304094986578716672,1,0,19.45054,17.9888,17.12734,0.09658293
304095536334530560,0,1,20.89491,18.65257,17.3602,0.1837544
304098010235693056,1,0,20.9089,18.38628,17.67707,0.1275737
304100209258948608,1,0,18.70064,17.15092,16.22669,0.09660082
304101308770576384,0,1,20.43152,18.62352,17.37094,0.1843295
304101858526390272,1,0,18.03364,16.87089,16.22085,0.09544029
304104057549645824,1,0,19.6202,18.40846,17.76314,0.126438
304105981694994432,0,1,19.39557,17.79366,16.78427,0.1250771
304110104863598592,1,0,20.50857,18.68919,17.80941,0.09595944
304111479253133312,0,1,19.65714,17.00793,16.00575,0.09560979
304113953154295808,1,0,18.33605,17.09954,16.38928,0.09588677
304114228032202752,1,0,19.16318,17.53632,16.81332,0.04910148
304116701933365248,1,0,19.85326,18.44759,17.5323,0.1619481
304117251689179136,1,0,18.98738,17.68663,17.15073,0.08177959
304120550224062464,1,0,20.68883,18.274,17.58829,0.09017465
304120825101969408,1,0,18.52833,17.24419,16.73657,0.05838413
304121374857783296,1,0,19.31081,18.27167,17.58301,0.1122466
304123299003131904,1,0,20.01391,18.05839,17.07692,0.09746978
304123848758945792,0,1,19.50965,17.71386,16.78605,0.09616082
304124123636852736,1,0,18.66176,17.49416,17.00254,0.09241752
304124948270573568,0,1,18.99216,17.15867,16.19753,0.09537001
304125223148480512,1,0,14.92467,13.8276,13.35085,0.0120204
304126047782201344,1,0,19.70059,18.48884,17.72468,0.09437585
304126322660108288,1,0,19.81592,18.15409,17.38841,0.08419621
304126597538015232,0,1,20.38622,18.54328,17.2366,0.1861651
304128246805456896,1,0,18.69355,17.51201,16.9167,0.06985281
304128796561270784,1,0,20.06648,18.35032,17.5039,0.09612693
304130445828712448,1,0,21.05337,18.64594,17.62989,0.1186833
304130995584526336,1,0,19.49456,18.69989,17.74588,0.09531099
304131820218247168,1,0,16.74388,15.07312,14.66115,0.02064876
304133194607781888,1,0,19.84081,18.36416,17.47786,0.1193646
304133469485688832,1,0,19.45029,18.38617,17.49698,0.2035691
304134294119409664,1,0,18.56975,23.61991,17.12668,0.09598833
304134568997316608,1,0,19.81801,18.18779,17.29062,0.0922997
304136493142665216,1,0,19.61918,18.36602,17.67484,0.1270732
304137042898479104,1,0,19.68278,18.10651,17.12555,0.1218353
304142265578711040,0,1,19.57058,18.00834,16.97617,0.1410715
304142815334524928,0,1,19.09248,17.36268,16.3234,0.116953
304143365090338816,1,0,19.82549,17.75932,16.87592,0.07164221
304143914846152704,1,0,19.98501,18.49558,17.56185,0.1028836
304144464601966592,0,1,19.09987,16.90625,15.91535,0.09508941
304145564113594368,1,0,18.89479,17.77868,17.23689,0.08364218
304146113869408256,1,0,20.06157,18.27384,17.34916,0.08919188
304150511915919360,1,0,20.72664,18.73574,17.81971,0.1222134
304154360206616576,1,0,19.29163,17.30608,16.45842,0.06261506
304154635084523520,1,0,19.09397,18.01771,17.45818,0.1435138
304156834107779072,0,1,20.52937,19.17955,17.45623,0.2720245
304157383863592960,1,0,19.40148,17.88215,16.96523,0.09596653
304157933619406848,0,1,18.01965,16.01982,15.07665,0.07115293
304158758253127680,0,1,20.47693,18.76958,17.79016,0.2050678
304164805567080448,1,0,18.91288,17.35711,16.39739,0.06984474
304165080444987392,1,0,20.0027,18.62925,17.5869,0.1405501
304166729712429056,0,1,18.15471,16.43057,15.45615,0.08384211
304167554346149888,0,1,27.70361,18.69498,17.35632,0.1876732
304167829224056832,0,1,18.49941,16.7617,15.87959,0.07994761
305119456101689344,1,0,18.38314,16.99214,16.47413,0.05255714
305119730979596288,1,0,17.96887,16.41479,15.74444,0.05276097
305120005857503232,1,0,18.96597,17.60354,16.81948,0.1266051
305120555613317120,0,1,20.23086,18.04073,16.97923,0.1269406
305121655124944896,1,0,17.4547,16.32767,15.9437,0.05310839
305124403904014336,1,0,19.22036,17.75351,16.9905,0.155542
305125228537735168,0,1,19.98034,18.54726,17.59591,0.1494804
305125503415642112,0,1,18.40908,16.46372,15.45834,0.09594076
305125778293549056,1,0,18.59725,17.32373,16.64528,0.07523569
305126602927269888,1,0,19.75583,18.4716,17.56342,0.09325765
305127152683083776,1,0,18.40963,17.01326,16.26404,0.0615854
305128252194711552,1,0,19.3514,17.80538,16.98198,0.07870299
305128801950525440,1,0,18.65051,17.50845,16.90249,0.1127693
305131275851687936,1,0,18.91946,17.6575,17.04905,0.09492103
305133474874943488,1,0,18.61555,17.60008,17.11017,0.04329554
305137598043547648,1,0,19.23509,17.4688,16.61323,0.06082683
305138697555175424,1,0,20.42482,18.07797,17.2551,0.09227453
305139522188896256,0,1,19.22571,17.26987,16.25502,0.1253822
305140621700524032,1,0,18.38818,16.59573,15.70703,0.05594477
305145019747035136,1,0,18.95455,17.64477,17.20712,0.03272314
305145294624942080,1,0,17.88151,16.22468,15.52334,0.06333613
305146119258662912,0,1,24.43616,18.92077,17.48854,0.217612
305146943892383744,1,0,20.45218,18.56735,17.59433,0.09234206
305147493648197632,1,0,20.46667,18.75056,17.83136,0.09330044
305149142915639296,0,1,17.54745,15.73042,14.72799,0.09357442
305151616816801792,1,0,18.44351,16.8867,16.31763,0.04713511
305152441450522624,0,1,17.91849,16.52855,15.49589,0.09844736
305154915351685120,1,0,19.87502,17.45396,16.66404,0.06973302
305156014863312896,1,0,19.63166,18.21984,17.37331,0.07109754
305156839497033728,1,0,19.62466,17.77319,16.89009,0.06171828
305157939008661504,1,0,18.80702,17.75072,17.07982,0.1037654
305158763642382336,1,0,19.37726,17.71277,16.9733,0.09296343
305160138031917056,1,0,18.19701,17.04805,16.4947,0.09240983
305160962665637888,1,0,18.2521,16.64641,16.00966,0.04708967
305161512421451776,1,0,19.12314,17.25679,16.30853,0.09228784
305166185345869824,1,0,18.99201,17.47437,16.78165,0.09604297
305166460223776768,0,1,20.95106,18.64828,17.80424,0.06398848
305168109491218432,1,0,18.88039,17.65012,17.2022,0.06483664
305168384369125376,0,1,19.66212,17.7147,16.8167,0.06397337
305169483880753152,1,0,18.05292,16.31476,15.43239,0.0329841
305171133148194816,1,0,19.30096,18.09579,17.40032,0.1140956
305172782415636480,1,0,20.05056,18.26686,17.50927,0.06320269
305175256316798976,1,0,18.65995,17.39491,16.81775,0.0702217
305177455340054528,1,0,18.09191,16.93696,16.5487,0.04417122
305179929241217024,1,0,18.44329,17.02113,16.40792,0.06291114
305180204119123968,1,0,19.42886,18.21889,17.40951,0.0979765
305180478997030912,1,0,20.01733,18.24335,17.26438,0.1244505
305180753874937856,1,0,19.53739,17.81717,16.87906,0.0709769
305182128264472576,1,0,19.45387,17.66515,16.90683,0.05002861
305184052409821184,1,0,19.9353,18.25188,17.40362,0.06298256
305184877043542016,1,0,20.64955,18.79168,17.87918,0.1259797
305187076066797568,1,0,18.82256,17.7396,17.293,0.05977195
305188175578425344,1,0,16.69377,14.71543,13.87444,0.04901973
305189000212146176,0,1,19.03679,17.11617,16.22768,0.04809754
305189275090053120,0,1,18.86634,16.96729,15.96808,0.09812863
305191474113308672,1,0,18.85297,17.49828,16.79003,0.06982315
305192573624936448,1,0,19.31733,18.115,17.45755,0.08338461
305192848502843392,1,0,19.69101,18.57256,17.8071,0.1961375
305193123380750336,0,1,17.19869,15.3635,14.44261,0.07061815
305196971671447552,1,0,19.36485,18.2156,17.60294,0.09295561
305201369717958656,0,1,18.31297,16.48,15.60907,0.04470693
305201644595865600,1,0,19.43865,18.11843,17.2862,0.08474722
305202194351679488,1,0,19.76034,17.88557,16.94542,0.08445486
305203568741214208,1,0,18.95437,17.86896,17.15006,0.1234957
305205492886562816,0,1,20.90475,18.9911,17.61779,0.2043797
305206042642376704,0,1,20.97885,18.54639,17.17301,0.2043857
305208516543539200,1,0,20.99895,17.84075,17.05654,0.1440155
305214014101678080,1,0,18.8752,17.40308,16.57654,0.09730428
305214288979585024,1,0,19.46809,17.5397,16.52888,0.07072148
305214563857491968,0,1,17.60229,16.06902,15.23841,0.07067554
305215938247026688,1,0,18.28337,17.25694,16.91199,0.09473247
305217312636561408,0,1,18.19757,16.18569,15.2085,0.09037467
305220886049351680,1,0,18.54914,17.56469,16.99199,0.1218233
305221710683072512,1,0,20.70232,18.55708,17.66002,0.07054671
305222260438886400,1,0,20.32274,18.7842,17.77607,0.110648
305227483119118336,1,0,19.65164,17.68105,16.75339,0.09383581
305228857508653056,0,1,18.41066,16.4318,15.49419,0.07160487
305231056531908608,1,0,19.50291,17.98182,17.31075,0.0002100094
305232980677257216,1,0,21.1307,18.59031,17.66291,0.07953206
305234355066791936,1,0,17.6601,16.29795,15.69644,0.07928143
305234629944698880,1,0,19.47948,18.0797,17.38532,0.09698364
305234904822605824,1,0,18.57097,17.14777,16.43068,0.09584197
305235179700512768,1,0,19.37779,17.59129,16.72468,0.07038519
305237928479582208,1,0,19.90881,18.60301,17.77189,0.06291179
305242876281907200,1,0,18.23857,16.95081,16.41402,0.04860517
305245075305162752,0,1,20.28031,18.35229,17.13816,0.1487465
305245350183069696,1,0,19.45854,17.89897,17.25959,0.07635833
305245899938883584,1,0,19.0073,17.29371,16.49583,0.09808913
305246174816790528,1,0,19.7578,17.90132,17.1728,0.09488719
305246724572604416,0,1,18.32238,16.50763,15.68983,0.04940629
305247274328418304,1,0,18.74622,17.41131,16.9187,0.02112597
305247824084232192,1,0,19.39886,17.87847,17.18986,0.09408951
305248648717953024,1,0,18.98209,17.79747,17.34854,0.09737416
305249198473766912,1,0,19.41349,17.87601,17.08281,0.1167877
305249748229580800,1,0,18.54728,17.33265,16.79079,0.09481686
305250023107487744,0,1,19.01701,17.17949,16.27478,0.09595764
305250847741208576,1,0,20.70297,18.4237,17.54143,0.06966292
305251122619115520,1,0,19.25531,18.03875,17.34465,0.07206945
305251397497022464,1,0,19.02921,17.81356,17.36003,0.09658662
305251672374929408,1,0,18.8955,17.57567,16.86554,0.0466034
305251947252836352,1,0,20.19334,18.25461,17.36243,0.0956322
305253046764464128,1,0,19.09468,17.73248,17.00628,0.09462593
305253871398184960,1,0,18.93717,17.50684,16.72395,0.1471941
305254146276091904,1,0,19.53097,18.06746,17.27437,0.06209708
305254421153998848,1,0,19.34983,17.45273,16.60077,0.07008418
305256620177254400,0,1,21.25325,19.27362,17.66721,0.2661946
305257444810975232,0,1,18.80332,17.10631,16.16043,0.0208566
305258544322603008,1,0,20.11842,18.24401,17.35274,0.09535814
305258819200509952,0,1,18.3717,16.39358,15.4056,0.09555726
305259094078416896,0,1,19.72838,17.98287,16.99661,0.09563772
305259643834230784,1,0,19.24986,18.14763,17.75759,0.09454246
305260193590044672,1,0,20.11229,18.14,17.28685,0.06310865
305260743345858560,1,0,18.17175,16.68295,15.89912,0.09553487
305270089194694656,1,0,18.9896,17.42996,16.65423,0.06404451
305271463584229376,1,0,19.93791,18.5526,17.56381,0.09606256
305271738462136320,1,0,19.29669,18.06566,17.44611,0.09665173
305273112851671040,1,0,19.27414,17.95718,17.29623,0.07774104
305275036997019648,1,0,18.72575,16.96422,16.25408,0.0645521
305276411386554368,0,1,19.70074,19.11942,17.59197,0.2206051
305279160165623808,1,0,16.37675,14.94767,14.36563,0.02148222
305279984799344640,1,0,17.65946,15.85166,15.04863,0.02134296
305281359188879360,1,0,20.04477,18.49935,17.6171,0.1121394
305283833090041856,1,0,20.58974,18.61085,17.77209,0.0785201
305285757235390464,1,0,19.28809,17.71744,16.93986,0.0710241
305287131624925184,1,0,19.54026,18.09774,17.30931,0.09840634
305287406502832128,1,0,19.03835,17.70257,16.93775,0.09599821
305288506014459904,1,0,17.06747,15.65522,14.94885,0.05533539
305289330648180736,1,0,18.82957,17.51167,16.8191,0.0585773
305289605526087680,1,0,18.93838,17.728,17.13325,0.06253219
305290155281901568,1,0,18.43385,17.21204,16.63552,0.09462369
305290430159808512,1,0,19.97599,18.34483,17.2993,0.1112022
305290705037715456,0,1,18.17734,16.21362,15.29034,0.07134143
305291254793529344,1,0,19.74396,18.11099,17.19634,0.07149646
305291529671436288,1,0,19.42543,17.85019,16.91739,0.07132712
305291804549343232,1,0,19.20674,17.28927,16.32555,0.07137506
305292079427250176,0,1,18.81015,17.04272,16.05296,0.1111002
305292354305157120,1,0,20.69868,18.33089,17.44069,0.09639543
305293178938877952,1,0,20.09991,18.4035,17.39244,0.09406105
305293453816784896,1,0,19.91796,18.25314,17.53848,0.1127164
305294278450505728,0,1,19.37884,17.32853,16.34432,0.1096946
306246181615331328,1,0,18.47725,17.19654,16.48139,0.09265133
306247006249052160,1,0,18.71585,17.70837,17.0405,0.1134811
306247281126959104,1,0,18.67054,17.47485,16.90869,0.062991
306248655516493824,1,0,19.03116,17.93259,17.23427,0.1141461
306249480150214656,1,0,19.39382,18.18784,17.46257,0.1269418
306251404295563264,1,0,17.46835,15.9634,15.13545,0.03494354
306251679173470208,0,1,20.72198,19.57179,18.01945,0.2224611
306252228929284096,1,0,18.56796,17.08554,16.3553,0.06377484
306252503807191040,1,0,19.91244,18.70602,17.85121,0.1166228
306253328440911872,0,1,19.18276,16.89599,15.86113,0.09450503
306253878196725760,1,0,19.13487,17.95632,17.41132,0.09498288
306254153074632704,1,0,19.65592,17.70082,16.80741,0.118056
306259100876957696,1,0,19.1052,17.55982,16.73442,0.1025161
306262124533934080,1,0,20.00577,18.62256,17.87677,0.1090757
306262949167654912,1,0,20.65397,18.52197,17.59069,0.1151731
306263224045561856,1,0,20.43772,18.95519,17.8395,0.1661762
306264598435096576,1,0,19.05643,18.0279,17.71786,0.05642423
306265148190910464,1,0,19.59393,17.93697,17.06657,0.09610251
306265697946724352,1,0,20.29172,18.25566,17.39395,0.09679725
306266522580445184,1,0,19.47693,17.68035,16.72853,0.09754699
306267622092072960,1,0,16.94309,15.4214,14.802,0.03607096
306271195504863232,1,0,16.83029,15.56112,15.04987,0.03448598
306272844772304896,0,1,17.07648,15.48184,14.69111,0.03457265
306273944283932672,1,0,20.12176,18.33192,17.15479,0.1599996
306277242818816000,1,0,19.78987,18.07573,17.18114,0.09420384
306279441842071552,1,0,20.15836,18.75823,17.84097,0.2165986
306280266475792384,1,0,19.30089,18.12995,17.25498,0.1549687
306280816231606272,1,0,18.51624,17.51518,17.13252,0.06145701
306282740376954880,1,0,17.88537,16.42034,15.85071,0.04184173
306285214278117376,0,1,20.09989,18.5729,17.28784,0.1699974
306286863545559040,1,0,18.09408,16.69624,15.72707,0.1045002
306287413301372928,1,0,18.90543,17.85065,17.3492,0.06251474
306288237935093760,1,0,19.28252,18.21218,17.50457,0.161758
306290162080442368,0,1,19.24095,17.54064,16.40477,0.1575679
306290436958349312,1,0,18.79125,17.65094,17.14151,0.06464006
306290986714163200,0,1,20.71179,18.52407,17.28565,0.1307617
306294010371139584,1,0,19.00556,17.8384,17.27323,0.08413917
306294835004860416,1,0,19.82612,17.87838,16.95509,0.09556105
306295384760674304,0,1,17.7926,16.0545,15.09903,0.09532929
306295934516488192,1,0,19.5043,18.20778,17.52865,0.1133601
306298683295557632,1,0,19.80505,17.76411,16.78039,0.094426
306299507929278464,1,0,19.12611,17.73234,17.02319,0.1602293
306299782807185408,1,0,20.51468,18.77423,17.70779,0.1506625
306302531586254848,1,0,19.36426,17.98778,17.4349,0.06336549
306304455731603456,1,0,17.77934,16.58681,16.0984,0.04260117
306306379876952064,1,0,19.41201,17.99883,17.31133,0.09590062
306306654754859008,1,0,19.57369,18.03985,17.04294,0.09814361
306307754266486784,0,1,19.48867,17.40615,16.37748,0.09257647
306309128656021504,1,0,20.36233,18.36906,17.547,0.1530938
306309953289742336,1,0,19.60915,17.70056,16.73559,0.09488674
306310777923463168,1,0,18.82299,17.04602,16.1734,0.09346136
306311052801370112,1,0,20.20979,18.71077,17.75159,0.09389182
306311327679277056,1,0,20.10331,18.39988,17.69363,0.08411455
306314626214160384,1,0,18.55932,16.97001,16.25612,0.07159074
306316550359508992,1,0,19.00853,17.74066,17.19805,0.1125911
306317100115322880,1,0,19.82655,18.13742,17.14727,0.1121894
306317924749043712,1,0,20.69149,18.37006,17.56608,0.09249837
306321223283927040,1,0,18.83888,17.87063,17.11988,0.1257154
306322322795554816,1,0,17.22796,16.00047,15.4986,0.04346457
306322597673461760,1,0,18.9302,17.78409,17.05212,0.1380385
306322872551368704,1,0,18.50013,16.77818,15.93863,0.06286128
306323972062996480,0,1,18.90091,17.08498,16.12752,0.08444914
306326171086252032,1,0,19.63404,17.99742,16.99418,0.09463602
306328370109507584,1,0,18.71503,17.4393,16.57873,0.0610805
306329469621135360,1,0,19.817,18.07052,17.09473,0.0944965
306330019376949248,1,0,19.06318,17.55652,16.75518,0.06570753
306330294254856192,1,0,18.64839,17.23641,16.47076,0.1247399
306331118888577024,1,0,17.63405,16.42008,15.94174,0.03456711
306336616446715904,1,0,19.10189,18.14722,17.50477,0.1124182
306336891324622848,1,0,19.65557,18.27326,17.39888,0.09435146
306339365225785344,0,1,18.88891,17.17343,16.2748,0.09533425
306342114004854784,1,0,18.50929,17.06099,16.22754,0.06256464
306343213516482560,1,0,19.433,17.77851,16.96782,0.09541611
306349535708342272,1,0,19.43997,18.16149,17.41456,0.09624433
306350360342063104,1,0,19.79141,18.29224,17.49742,0.09815188
306350635219970048,0,1,20.35938,18.30366,17.449,0.05409241
306351184975783936,0,1,20.63854,19.20521,17.80018,0.2024835
306351459853690880,1,0,19.28538,17.44227,16.4395,0.09494146
306352834243225600,1,0,20.11447,18.66198,17.79591,0.07146045
306353658876946432,1,0,19.95947,18.43231,17.50417,0.1115661
306353933754853376,1,0,18.84076,17.74359,17.4931,0.03361765
306354483510667264,1,0,20.3201,18.61737,17.53349,0.1397697
306355033266481152,1,0,19.41508,17.96528,17.35718,0.0997624
306357232289736704,1,0,18.60884,17.31111,16.81139,0.06142335
306357782045550592,1,0,19.56584,17.45474,16.56868,0.07124799
306362729847875584,1,0,19.27045,18.25912,17.42831,0.1675089
306363829359503360,1,0,17.45435,16.39564,15.75504,0.09909666
306364104237410304,1,0,19.75005,18.80079,17.79822,0.09921622
306364379115317248,1,0,18.65366,17.62195,17.12934,0.0931733
306365478626945024,0,1,20.75685,18.58673,17.61617,0.09412367
306367402772293632,0,1,18.98683,17.12982,16.14917,0.1031016
306367952528107520,1,0,19.84078,18.37696,17.74171,0.09453972
306369052039735296,1,0,17.87472,16.87788,16.54264,0.02274756
306369326917642240,1,0,19.67161,18.05217,17.22743,0.09373917
306370151551363072,1,0,21.3192,18.30884,17.47348,0.09315642
306371800818804736,1,0,20.05655,18.20781,17.27719,0.09487051
306372350574618624,0,1,19.1579,17.29945,16.21373,0.09403592
306372625452525568,1,0,19.07825,17.96535,17.46597,0.09697206
306373999842060288,1,0,19.42873,17.95777,17.38482,0.09649263
306374274719967232,1,0,19.00406,17.67943,17.05863,0.09631827
306374549597874176,1,0,20.30676,18.62943,17.73496,0.09381181
306374824475781120,1,0,20.23991,18.47376,17.51077,0.09679966
306375649109501952,0,1,19.75653,18.17877,17.28629,0.09668781
306376198865315840,1,0,19.21292,18.06183,17.5822,0.09221534
306376748621129728,0,1,18.39875,16.35817,15.37912,0.09566244
306378123010664448,1,0,18.78857,17.62818,16.98572,0.09808512
306378672766478336,1,0,19.54591,18.13409,17.20273,0.1733422
306379497400199168,1,0,18.3702,17.43231,16.70444,0.09549566
306380047156013056,1,0,18.59234,17.45465,16.8836,0.09727432
306381421545547776,1,0,20.25867,18.22487,17.29708,0.09538377
306381696423454720,1,0,19.93083,18.60515,17.79923,0.09406938
306383070812989440,1,0,20.23881,18.47758,17.30324,0.1577481
306385269836244992,1,0,19.91488,18.17317,17.22693,0.09678821
306388018615314432,1,0,20.43438,19.03361,17.82519,0.1479786
306388568371128320,1,0,19.60635,18.62797,17.88293,0.09823938
306389118126942208,1,0,20.07785,18.23156,17.51172,0.1470674
306391866906011648,1,0,16.01961,14.8653,14.33876,0.02161491
306392141783918592,1,0,19.33581,18.31307,17.56927,0.1485441
306393516173453312,1,0,18.1543,16.64899,15.9204,0.09518765
306393791051360256,1,0,16.5891,15.22634,14.51952,0.02150348
306394340807174144,1,0,19.64053,18.14081,17.24445,0.08920039
306394890562988032,0,1,19.19983,17.08159,16.11726,0.09753571
306395990074615808,0,1,18.92833,17.16331,16.16213,0.09724288
306397364464150528,1,0,19.83683,18.07983,17.09521,0.09734684
306398463975778304,0,1,18.79142,16.58966,15.56672,0.09775499
306399563487406080,1,0,19.23927,17.61307,16.79397,0.09766387
306400388121126912,1,0,20.88976,18.72869,17.6312,0.1775293
306403411778103296,0,1,20.40652,18.64965,17.49711,0.169838
306403686656010240,1,0,19.37544,17.52453,16.71256,0.05620404
306403961533917184,1,0,19.4476,18.09819,17.58015,0.09763675
306405061045544960,0,1,20.72569,18.69066,17.75124,0.0985629
306405335923451904,1,0,18.15689,17.30689,17.0623,0.07232792
306406435435079680,1,0,18.808,17.77619,17.04511,0.1063788
306408909336242176,1,0,18.64196,16.94164,16.3543,0.05605672
306410558603683840,1,0,20.46105,18.50507,17.73465,0.1552665
306411658115311616,1,0,19.86569,17.83621,16.97639,0.1064721
306412482749032448,0,1,20.70139,19.14888,17.82324,0.2155775
306413857138567168,1,0,16.48642,15.3035,14.75595,0.02164586
306414681772288000,1,0,16.82213,15.35948,14.66062,0.03443834
306414956650194944,0,1,18.73191,17.2887,16.52329,0.03168469
306415506406008832,1,0,20.32282,18.5629,17.44743,0.1430607
306416056161822720,1,0,17.99674,16.97014,16.50797,0.05095989
306416331039729664,1,0,19.72981,18.17881,17.39739,0.1070656
306417155673450496,1,0,20.50679,18.73685,17.77345,0.09521759
306417430551357440,0,1,20.97157,18.99668,17.89874,0.1472937
306418530062985216,1,0,18.75191,17.55442,16.84912,0.09403078
306419079818799104,1,0,19.43369,17.80257,17.12342,0.1070964
306419354696706048,1,0,19.08651,17.76067,17.02116,0.07199551
306420729086240768,1,0,19.84772,18.41443,17.41334,0.1073147
307371806912702464,1,0,17.49617,16.44641,15.9739,0.07378269
307374830569678848,1,0,19.13934,17.64719,17.19252,0.0635918
307376479837120512,1,0,19.41606,18.48025,17.55176,0.1508875
307377579348748288,1,0,19.68632,18.01858,17.10417,0.0952765
307378953738283008,1,0,20.68037,18.85959,17.83013,0.1501351
307379503494096896,1,0,17.10038,15.72309,14.99663,0.02770622
307381152761538560,0,1,20.99062,18.78204,17.73261,0.09639085
307381702517352448,1,0,18.31845,17.09949,16.44708,0.08467862
307382252273166336,1,0,19.70697,18.46732,17.60943,0.1530027
307383351784794112,0,1,21.91911,19.05449,17.64363,0.2389265
307383901540608000,1,0,18.58377,17.4562,17.01824,0.04044293
307384726174328832,0,1,19.80457,18.1482,16.98362,0.152541
307385550808049664,1,0,21.70492,19.06524,17.85121,0.1148966
307386925197584384,1,0,19.33744,17.97596,17.38455,0.06515618
307388299587119104,0,1,18.65538,16.81362,15.84001,0.08450961
307388574465026048,0,1,17.89708,16.20189,15.32682,0.03587253
307388849342932992,1,0,19.44768,18.3697,17.79332,0.0832576
307389948854560768,1,0,18.87527,17.55494,16.74038,0.09557114
307391048366188544,1,0,19.19779,18.03207,17.50009,0.0848925
307391598122002432,1,0,19.74159,18.33924,17.4856,0.07247914
307392147877816320,0,1,18.1487,16.8277,16.18339,0.02795164
307392972511537152,1,0,19.08108,17.78145,17.00647,0.1144299
307393247389444096,1,0,19.4577,18.11883,17.54478,0.1151128
307394072023164928,1,0,19.35472,18.06753,17.26019,0.06423546
307396545924327424,1,0,24.98151,17.29657,16.42014,0.08575514
307397920313862144,1,0,18.56887,17.36456,16.78461,0.08540742
307398470069676032,1,0,20.478,18.41588,17.59298,0.1896299
307400119337117696,1,0,20.71123,18.55762,17.56942,0.1151684
307401768604559360,1,0,20.7188,18.85037,17.70903,0.1908925
307402868116187136,1,0,20.09013,17.90268,16.90295,0.09470126
307403967627814912,1,0,19.47861,18.14724,17.34123,0.135922
307404242505721856,1,0,18.28843,16.62712,16.04995,0.03306643
307405616895256576,1,0,18.77918,17.58599,17.23,0.046953
307406716406884352,1,0,18.80108,17.41572,16.71116,0.03308398
307406991284791296,1,0,20.17531,18.46157,17.45769,0.114393
307408915430139904,1,0,18.58182,17.15373,16.42221,0.05448327
307410839575488512,1,0,16.54029,15.0202,14.31161,0.03133979
307411389331302400,1,0,20.64096,18.42776,17.42727,0.116443
307413038598744064,1,0,19.30299,18.23969,17.70589,0.06500082
307414138110371840,1,0,20.19095,18.5342,17.63587,0.1154692
307416337133627392,1,0,20.19773,18.5148,17.67303,0.09436746
307417436645255168,1,0,18.05516,16.23936,15.43224,0.05050373
307417711523162112,1,0,20.30974,18.6014,17.66293,0.1074672
307418811034789888,1,0,17.51308,16.14374,15.49487,0.03397743
307419360790603776,1,0,17.86147,16.68684,16.25274,0.03404677
307419635668510720,1,0,19.54848,17.99911,17.04288,0.0948984
307419910546417664,1,0,19.32946,18.22813,17.3703,0.1503333
307423483959207936,1,0,19.55547,18.10184,17.6377,0.08698336
307426782494091264,0,1,18.24198,16.40615,15.50415,0.05055746
307427607127812096,1,0,18.78683,17.41269,16.76,0.08794599
307428706639439872,0,1,20.38962,19.07095,17.37953,0.2228232
307431455418509312,1,0,19.11623,18.11296,17.63329,0.1073524
307433104685950976,0,1,20.02837,18.09486,17.11737,0.0935001
307435578587113472,1,0,19.89138,18.37783,17.44733,0.107443
307437777610369024,1,0,18.91557,17.08547,16.2085,0.05187848
307439701755717632,1,0,19.25911,17.96758,17.31336,0.1399279
307440251511531520,0,1,20.05388,18.44743,17.39382,0.1150828
307440526389438464,1,0,23.76712,18.12869,17.35618,0.1299185
307441625901066240,1,0,20.18411,18.82486,17.74994,0.1799519
307442175656880128,1,0,17.99905,16.89979,16.61684,0.03525358
307442450534787072,1,0,19.7747,18.38716,17.54558,0.1183102
307445749069670400,1,0,18.54307,17.48515,16.72204,0.09474438
307446573703391232,1,0,19.54899,17.70336,16.75927,0.09401862
307447673215019008,0,1,19.62825,17.44178,16.26909,0.1079031
307451796383623168,1,0,19.044,17.78762,17.27656,0.09276517
307453445651064832,1,0,19.28494,18.18719,17.6185,0.09577663
307453995406878720,1,0,19.07255,17.28697,16.48716,0.09517123
307454545162692608,0,1,19.89321,18.19344,17.19426,0.1153134
307456744185948160,0,1,21.88654,18.48891,17.22229,0.1663234
307459767842924544,1,0,19.58717,18.28852,17.41397,0.09010641
307460592476645376,1,0,20.23849,17.30611,16.41031,0.08964867
307461691988273152,1,0,19.84945,18.41382,17.74614,0.0726056
307463066377807872,0,1,20.39986,17.99767,16.76676,0.1768197
307463891011528704,0,1,19.05942,17.1805,16.16979,0.1057171
307467189546412032,1,0,19.65789,18.05971,17.14345,0.09603637
307468289058039808,1,0,20.54878,18.31689,17.55234,0.09804756
307472412226643968,1,0,20.12263,18.5509,17.6485,0.1148231
307472687104550912,0,1,22.01759,18.50582,17.24892,0.145606
307472961982457856,1,0,19.47697,17.81806,16.85805,0.09667995
307474061494085632,1,0,18.83063,17.58425,16.91602,0.09626278
307476535395248128,1,0,20.24482,18.40703,17.61818,0.09638181
307482032953387008,0,1,20.40672,18.61305,17.45905,0.1863423
307482857587107840,1,0,18.89046,17.17192,16.36988,0.1069799
307483957098735616,0,1,20.50288,19.04353,17.69765,0.2178789
307485056610363392,1,0,19.71994,18.84892,17.91895,0.1869858
307485881244084224,1,0,19.22919,17.71277,17.02773,0.08866445
307486156121991168,1,0,19.77289,18.2728,17.33881,0.08881485
307486430999898112,1,0,17.54562,16.44637,15.90264,0.0288725
307486705877805056,1,0,19.5239,18.16801,17.53181,0.09454829
307486980755712000,1,0,18.82764,17.49459,16.83082,0.09711879
307488355145246720,1,0,18.07189,17.10066,16.82025,0.02840719
307490004412688384,1,0,20.09555,18.44885,17.60556,0.09692178
307492753191757824,1,0,20.2877,18.76389,17.79691,0.08915669
307493852703385600,1,0,18.90716,17.70979,16.96264,0.09558981
307494677337106432,0,1,18.58485,16.86907,15.95247,0.09947041
307494952215013376,1,0,18.63988,17.14312,16.31206,0.09934915
307497426116175872,1,0,15.78753,14.3319,13.63891,0.0286682
307497700994082816,1,0,18.42251,17.42214,17.08557,0.02863529
307497975871989760,0,1,18.34577,16.44329,15.52184,0.06474207
307498250749896704,1,0,16.6309,15.58458,15.13174,0.02836903
307500174895245312,0,1,19.55488,18.08026,17.11928,0.0971868
307502373918500864,1,0,18.96774,18.08037,17.1556,0.1427177
307502923674314752,0,1,20.78274,18.50439,17.56471,0.09746345
307503198552221696,1,0,20.52101,18.74408,17.92262,0.09487927
307503473430128640,0,1,19.24976,17.38701,16.44991,0.09760614
307505397575477248,1,0,19.52976,18.12993,17.35427,0.09776416
307505947331291136,1,0,20.99191,18.58036,17.52156,0.09676842
307506771965011968,1,0,18.28366,17.4003,16.8882,0.06542889
307509520744081408,1,0,19.429,17.90034,16.81731,0.1062578
307510620255709184,0,1,20.14334,18.69263,17.55138,0.160197
307510895133616128,0,1,20.97894,19.00884,17.77607,0.1837475
307511170011523072,1,0,19.88385,18.44039,17.85108,0.0723849
307512544401057792,1,0,20.63213,18.61206,17.81488,0.0874716
307515568058034176,0,1,19.0557,17.62976,16.57206,0.160743
307519416348731392,1,0,21.61403,18.97034,17.85326,0.1173905
307520240982452224,1,0,18.52706,17.21795,16.52039,0.06571065
307520790738266112,0,1,19.68256,18.2105,16.93051,0.1893846
307521890249893888,1,0,19.48877,18.15099,17.71303,0.03219977
307522165127800832,0,1,20.33594,18.11461,17.00484,0.1527226
307523814395242496,0,1,20.25962,18.20592,16.93652,0.1954959
307524639028963328,1,0,18.13779,17.17818,16.24198,0.06492368
307529586831288320,1,0,18.95634,17.54693,16.8867,0.1017605
307529861709195264,1,0,18.98288,17.67065,16.72165,0.1312082
307530136587102208,1,0,19.82015,18.52275,17.77845,0.1302869
307530686342916096,1,0,19.55756,18.44565,17.71231,0.09680837
307531236098729984,0,1,19.42234,17.21649,16.33324,0.0660208
307534809511520256,1,0,19.1752,17.48648,16.46041,0.06440401
307535359267334144,1,0,19.3014,17.71563,16.89575,0.06610333
307538932680124416,1,0,20.51771,18.51695,17.50544,0.1405639
307539482435938304,1,0,20.31612,18.65761,17.60911,0.1061746
307540032191752192,0,1,17.02656,15.29989,14.5306,0.03203462
307540856825473024,1,0,18.36758,17.17802,16.70577,0.05588527
307541681459193856,1,0,15.95594,14.56227,13.89976,0.02922444
307542780970821632,1,0,18.63164,17.56558,17.0385,0.09537528
307543055848728576,1,0,19.64245,18.26752,17.22458,0.1574254
307543880482449408,1,0,19.40014,18.17001,17.45766,0.1128251
307544705116170240,0,1,17.9726,16.15637,15.08284,0.0968341
307545254871984128,1,0,20.32864,18.59445,17.69769,0.0948553
307545529749891072,1,0,17.98369,16.52286,15.82726,0.08251377
307545804627798016,1,0,18.13772,17.07741,16.51742,0.02922927
308496881447626752,1,0,18.15878,17.18045,16.80225,0.02604637
308497156325533696,1,0,18.93396,17.4161,16.6905,0.1071537
308499630226696192,1,0,18.78793,17.95095,17.4265,0.03871459
308501554372044800,1,0,17.31637,16.04069,15.61979,0.03808925
308502928761579520,0,1,20.12652,17.95493,16.8567,0.149588
308504303151114240,1,0,19.14147,18.01036,17.33637,0.08483262
308504578029021184,1,0,19.65265,18.04183,17.27344,0.1155827
308506777052276736,1,0,19.10258,17.94777,17.40117,0.08320576
308507051930183680,1,0,19.89193,18.17439,17.24251,0.06058307
308507601685997568,0,1,20.7386,18.24423,16.79243,0.2130004
308509800709253120,1,0,20.96077,18.4724,17.55273,0.09862151
308512549488322560,1,0,18.01702,16.63374,16.18696,0.02878676
308512824366229504,1,0,23.81581,18.47273,17.28795,0.1350336
308515573145298944,1,0,18.26978,16.58511,15.92575,0.06012432
308517222412740608,1,0,19.79818,18.43927,17.69325,0.1223348
308518321924368384,1,0,19.65751,18.35237,17.6123,0.1257946
308518871680182272,0,1,17.46956,15.80831,15.02708,0.03899339
308519421435996160,1,0,21.02282,18.65881,17.74841,0.0806833
308520795825530880,0,1,19.60475,18.24499,16.8482,0.2502421
308522719970879488,1,0,20.72669,18.47753,17.5763,0.09591585
308523269726693376,1,0,20.28255,18.62046,17.82211,0.1328533
308524094360414208,0,1,21.19341,18.52493,17.28441,0.1383873
308524918994135040,1,0,19.49466,18.43587,17.68302,0.1281157
308526018505762816,1,0,20.31869,18.58011,17.62117,0.1279442
308526843139483648,0,1,18.80665,17.47222,16.26035,0.1383923
308527392895297536,1,0,20.40846,18.46813,17.49701,0.1281606
308527667773204480,1,0,19.07688,17.88453,17.31402,0.09483168
308528217529018368,1,0,19.09249,17.77052,17.14639,0.09530569
308532890453436416,1,0,19.80495,18.35932,17.67682,0.1253762
308533440209250304,1,0,20.39189,18.67004,17.75029,0.09076775
308535364354598912,1,0,20.226,18.60763,17.68803,0.1384492
308536188988319744,1,0,18.3929,17.04628,16.64261,0.03641907
308536463866226688,1,0,19.49434,18.26635,17.59345,0.1385455
308536738744133632,0,1,19.76531,17.95998,16.83477,0.136159
308537563377854464,1,0,18.57636,17.31602,16.75789,0.07416783
308537838255761408,1,0,18.99634,17.75592,17.19463,0.09522899
308538388011575296,1,0,19.44639,17.95547,17.17371,0.1130077
308538937767389184,1,0,19.09718,17.78795,17.03969,0.1383506
308541411668551680,1,0,19.29269,17.98271,17.31364,0.08692535
308542511180179456,1,0,20.4852,18.7356,17.84189,0.1351049
308543060935993344,0,1,19.44238,17.96319,16.82366,0.1341061
308543335813900288,1,0,19.48483,18.23012,17.42419,0.1117112
308543610691807232,0,1,21.49358,17.73644,16.58156,0.1359963
308545534837155840,1,0,19.30143,17.97719,17.20216,0.1147309
308547733860411392,1,0,19.49385,18.05842,17.2678,0.1141676
308548558494132224,1,0,19.19167,17.83463,17.0934,0.0963623
308548833372039168,1,0,20.14438,18.36434,17.37383,0.1105957
308550207761573888,1,0,19.58556,17.9115,17.06875,0.08177026
308550482639480832,1,0,19.8083,18.49307,17.70614,0.1131507
308551032395294720,1,0,19.02013,17.67156,16.88081,0.1330486
308551307273201664,1,0,19.34878,17.65492,16.65215,0.0947874
308555430441805824,1,0,19.31533,17.91371,17.19789,0.08751033
308555980197619712,1,0,18.6736,17.06347,16.23268,0.075511
308556529953433600,0,1,18.32289,16.59909,15.56127,0.09515215
308558179220875264,1,0,19.24383,18.11427,17.40115,0.1339178
308558728976689152,1,0,16.6747,14.76926,13.9286,0.01876407
308559553610409984,1,0,19.37791,18.01623,17.67107,0.02335118
308560103366223872,1,0,18.85263,17.70224,17.16979,0.1103091
308561202877851648,1,0,19.26402,17.67253,16.96343,0.1327375
308562027511572480,0,1,15.44588,13.61716,12.7862,0.01870119
308563127023200256,0,1,20.45118,19.26204,17.88678,0.2549309
308564776290641920,1,0,19.27341,17.97937,17.38736,0.09270848
308565875802269696,0,1,21.30967,18.72262,17.6756,0.09774555
308566425558083584,1,0,19.86208,18.07349,17.12117,0.09397531
308566700435990528,0,1,19.30059,17.17203,16.13721,0.09521819
308567250191804416,1,0,22.45976,18.11449,17.20961,0.09658697
308568074825525248,1,0,20.51331,18.60761,17.81927,0.1354564
308568624581339136,1,0,20.0027,18.56531,17.71045,0.1301479
308568899459246080,1,0,19.26368,17.891,17.08258,0.09673434
308569724092966912,1,0,18.16086,16.97384,16.48754,0.09460202
308571373360408576,1,0,19.52985,18.30831,17.51324,0.09644731
308571648238315520,1,0,18.85518,17.64268,17.03164,0.1237914
308572197994129408,1,0,20.73069,18.71833,17.82261,0.126486
308572747749943296,1,0,17.9902,16.6911,16.33654,0.01908475
308575221651105792,1,0,19.58335,18.33226,17.6375,0.150111
308578520185989120,1,0,20.47324,18.52388,17.54982,0.08264595
308579619697616896,1,0,21.03811,18.91686,17.76021,0.1504898
308581268965058560,1,0,19.27918,17.98453,17.25411,0.1139037
308584017744128000,1,0,17.33223,16.2357,15.717,0.06510382
308584292622034944,1,0,19.75615,18.50115,17.47458,0.1612843
308585667011569664,1,0,19.17116,17.87035,17.1251,0.1166136
308587316279011328,0,1,20.03996,18.79431,17.30039,0.2301549
308588140912732160,1,0,19.91314,18.46729,17.63228,0.117244
308590889691801600,1,0,20.09921,17.88484,17.40119,0.05915563
308592538959243264,0,1,20.26981,17.5606,16.43496,0.122065
308595012860405760,1,0,20.15704,18.50357,17.68032,0.08264635
308595837494126592,1,0,19.66548,18.09837,17.06569,0.1196286
308597486761568256,1,0,19.09296,17.60571,16.85736,0.1084433
308598036517382144,1,0,19.74446,17.75537,16.73025,0.1175546
308598861151102976,1,0,20.1148,18.40178,17.44793,0.1197447
308601609930172416,1,0,19.42842,17.96795,17.25873,0.08118355
308602434563893248,1,0,19.08998,17.92065,17.11049,0.1216108
308602984319707136,1,0,18.99515,18.05991,17.59454,0.11535
308603534075521024,1,0,18.89711,17.79774,17.12152,0.1218275
308604083831334912,0,1,22.62062,18.95015,17.65483,0.1877297
308605183342962688,1,0,19.64793,17.38354,16.63691,0.04987152
308607107488311296,1,0,18.21659,17.20918,16.75725,0.0590397
308611780412729344,1,0,19.34766,17.51779,16.72015,0.05914621
308612879924357120,1,0,19.41019,18.0952,17.04812,0.09729245
308613429680171008,0,1,20.02843,18.1751,17.03735,0.141596
308614529191798784,1,0,19.0397,17.70701,17.05558,0.1078745
308615078947612672,0,1,17.67686,16.01043,15.07216,0.0659151
308615903581333504,0,1,18.56348,17.02396,16.02944,0.09523287
308616453337147392,1,0,19.69474,18.44955,17.47436,0.1420716
308616728215054336,1,0,18.08313,16.47246,15.55424,0.08006289
308617003092961280,1,0,19.24504,17.72086,17.02427,0.08263596
308617552848775168,1,0,19.74436,18.01278,17.33403,0.08199852
308617827726682112,1,0,19.50453,17.73768,17.06845,0.1160028
308618652360402944,1,0,19.18958,17.54823,16.63354,0.1117842
308620576505751552,1,0,20.53179,18.57519,17.85898,0.1070257
308624149918541824,0,1,19.6084,17.69949,16.56931,0.1321328
308624699674355712,1,0,20.75464,18.83043,17.73391,0.1305745
308625249430169600,1,0,20.16012,18.65245,17.74413,0.1193536
308625524308076544,1,0,18.33727,16.96499,16.19792,0.09736669
308626074063890432,1,0,17.93127,16.82289,16.31851,0.05120463
308626623819704320,1,0,17.37182,15.78618,14.93208,0.06582478
308626898697611264,0,1,19.63112,17.64245,16.56227,0.1328742
308629372598773760,0,1,19.90866,18.78769,17.60649,0.260507
308631296744122368,1,0,19.10001,18.05218,17.57079,0.06061528
308632396255750144,1,0,20.5104,18.34625,17.289,0.12695
308633495767377920,0,1,20.11543,18.48522,17.36582,0.1884804
308634045523191808,1,0,18.13496,16.7528,16.13108,0.0650432
308634595279005696,1,0,19.97663,18.31452,17.78909,0.1219759
308636519424354304,1,0,15.71889,14.75821,14.42225,0.01879655
308637344058075136,1,0,19.9705,18.20159,17.1736,0.1242537
308638993325516800,1,0,19.65541,18.45988,17.76217,0.1280078
308639543081330688,1,0,19.5806,18.56382,17.55078,0.1267602
308640092837144576,1,0,19.68612,18.48737,17.877,0.1329101
308640917470865408,1,0,18.56376,17.07137,16.46409,0.1072152
308641467226679296,1,0,19.24771,18.02335,17.28924,0.1063912
308644765761562624,1,0,20.80382,18.35666,17.38711,0.1064261
308645315517376512,0,1,19.13471,17.32795,16.03941,0.125503
308645590395283456,0,1,21.18133,18.91017,17.68695,0.2191792
308646964784818176,0,1,21.05822,19.04824,17.59394,0.219485
308647514540632064,0,1,20.45521,18.83622,17.8503,0.1511697
308648888930166784,1,0,19.38722,17.88711,17.00574,0.114823
308650538197608448,1,0,20.23923,18.62755,17.55053,0.1267679
308656310633654272,1,0,18.64191,17.09326,16.43371,0.0946622
308658509656909824,1,0,19.12727,17.3917,16.55206,0.123904
308659609168537600,1,0,19.5425,18.11538,17.34624,0.1616885
308659884046444544,0,1,19.94329,17.85166,16.86566,0.1277053
308660708680165376,1,0,17.64115,16.25855,15.52142,0.07979456
308660983558072320,1,0,20.72696,18.56197,17.41513,0.1252071
308661533313886208,1,0,19.50385,18.21529,17.69273,0.08175586
308662357947607040,1,0,18.52341,17.06434,16.28565,0.09888165
308662907703420928,1,0,17.92443,16.31291,15.56086,0.07207082
308664556970862592,0,1,17.67298,15.95295,15.09063,0.07125236
308665656482490368,1,0,19.72148,18.33028,17.80429,0.07118442
308668955017373696,1,0,19.53966,18.11595,17.3204,0.08039118
308670329406908416,1,0,18.45744,17.29655,16.70125,0.08136459
308671154040629248,1,0,18.62203,17.35096,16.69619,0.09914839
308671703796443136,1,0,18.57606,17.6401,17.24695,0.1000495
308672253552257024,1,0,19.23853,18.07506,17.63392,0.08127768
308672528430163968,1,0,19.18866,17.45929,16.69294,0.08126306
309622781304137728,1,0,19.84442,18.25704,17.29863,0.106966
309627179350648832,1,0,18.43809,17.36176,16.89701,0.03723248
309628003984369664,1,0,19.85155,18.29525,17.42255,0.08220433
309628278862276608,0,1,18.99832,17.48747,16.31675,0.1478106
309629653251811328,1,0,19.6118,18.65507,17.74261,0.09438619
309631027641346048,1,0,20.68609,18.74468,17.79815,0.09347618
